trending_no,video_id,title,publishedat,channelid,channeltitle,categoryid,trending_date,tags,view_count,likes,comment_count
4,i0BdNCyqy7s,orang yang paling berbahaya di malaysia the most dangerous man in malaysia,2022-11-29,UCubdVbYFXGAsPSw64dQatuw,mariam mokhtar admrlgen,29,22.29.11,hadi awangpru15agungdapsedition,154149,7996,1454
23,yN_-8FELZ-k,dont try them at home  thatlittlepuff catsofyoutube,2022-11-16,UClFN9LShD_Pv0wnSeUKbUZw,that little puff,Pets & Animals,22.29.11,none,43766147,2207767,2618
0,swAj-k8ng1k,portugal 2  0 uruguay  world cup 2022 highlights  group h  sebolasuara,2022-11-28,UC3nsS1zgb4Jye9kmA45K6Yg,stadium astro,Sports,22.29.11,stadium astrosportsastro,1157552,14632,850
1,tvpVjt97uuU,johor darul tazim 14 borussia dortmund  jelajah asia dortmund  astro arena  sebolasuara,2022-11-28,UCU9GQSAhb4JxdSZKNJ_Ib6w,astro arena,Sports,22.29.11,astroarenasukanmalaysiabolasepakbadmintontakrawharimaumalayanicoldavidsquashastroarenaastro arenasportbola sepakharimau malayasepak takrawstl 2019nadi arenaultras malayabola mamakspikearena bolasepak takraw leaguedari gelanggangjdtselangor fasmalu apa bosskusukan seasea gamesolympicsolimpikbundesligamflliga superstadiumgostanpmamberbulu dengan burnbdbbbbborakborak botakburnbotakarena2801802,186396,2421,1281
26,SHc4ratXTgk,crazy cat,2022-11-29,UCG6NHS34ujpuokyx008jgzQ,パロってるparotter,Gaming,22.29.11,minecraftマインクラフトanimeanimationgameshortstiktokparotteruparotteruanimationfunnyfunnytiktokfunnyvideomemememesmostfunnycompilationfypfypシgamertiktok compilation,674710,38381,247
16,1YmU64DYisU,the dumbbell only 1 person could lift,2022-11-22,UCuJBpMyxlmemsQiivWPcGrQ,browney shorts,People & Blogs,22.29.11,none,10615014,702537,1851
24,wSN4KDzr94Q,kok bisa gini sih bittersweet by najla kuliner makan dessert,2022-11-29,UCz8cz0ylkuBgzGVvmL2Zevg,amritsa raje,People & Blogs,22.29.11,none,761532,56235,156
6,U6tHA3zUSjI,issei funny video  with inosuke shorts,2022-11-22,UC6QZ_ss3i_8qLV_RczPZBkw,issei  いっせい,Comedy,22.29.11,challengefunny videoissei0806shortshortsviral再現面白動画memeisseicomedyissei 0806issei official channelfunny videostredning funny videoviral videostrend,20317973,630507,1443
13,n7SDv8aBlHI,home alone in a rush 2,2022-11-25,UCb8vrqP8Z7Oz9ZTYvUtjUHQ,daniel labelle,Comedy,22.29.11,none,10454663,520680,1779
14,zm_NeRUA_T4,pake ayam juga  itakimo bali,2022-11-20,UCMwoWc6kXCqdOq6qLlH59Lw,itakimo bali,Comedy,22.29.11,lifedietitakimoslimmingteatipsdiethomemadehealthylifestylecomedylolfunnyvideos2022healtyfoodtastylivefunmemeshortstiktokfunnyvideosmemescomedyvideoslmaolaughviral,15631995,486287,484
25,HDRyJyya3dQ,dompet siapa ini  itakimo bali,2022-11-11,UCMwoWc6kXCqdOq6qLlH59Lw,itakimo bali,Comedy,22.29.11,shortsviralitakimoitakimobalivideolucukomedingakakkisahfilmsedihfilmpendukdagelantrending1topviralvideostopshortsshortstrendingshortsfunnyshortscomedyshortsviral2022tutorialshorts,20833763,554174,1492
3,xskmxYaNBaw,ustaz kazim elias tegur dan bagi amaran keras isu anwar ibrahim muhyiddin zahid hamidi pm pn ph bn,2022-11-21,UCht6SyEpw69cNVeBpb_kB1w,durian merah,Entertainment,22.29.11,none,881593,13304,2076
15,baOyJQOkI4o,subway surfers 3 shorts,2022-11-21,UCjaxmdb_gTWbz9XF5rzvgGg,natan por aí,Entertainment,22.29.11,none,8270697,200323,124
18,C5JW5bDGSmQ,nurul izzah kongsi cerita tentang dato seri anwar ibrahim dengan bekpes hot  hotfm,2022-11-25,UCFV_yPFxPbbmrYJ9J6zJglA,hot tv,Entertainment,22.29.11,hotfmhot tvkini lebih muzik yang hangatag azmeerfad boceyfara fauzanarakyat rangersriena dianaimran aqilmedia prima audioparodi,280469,3533,424
22,RFA3ruwfLYI,the warriorr new released full hindi dubbed movie  ram pothineni aadhi pinisetty krithi shetty,2022-11-20,UCjBwQ6M9QyCgO5Pp-TQRFUA,rkd studios,Entertainment,22.29.11,the warrior hindi dubbed full moviethe warrior hindi moviethe warrior moviethe warriorr full movie hindi dubbedram pothineni moviethe warriorr hindi dubbed full movie2022 new hindi dubbed movies2022 hindi moviessouth indian movies dubbed in hindi full movie 2022 newkrithi shetty moviesaadhi pinisetty hindi dubbed moviesसउथ मवthe warrior full movie hindi dubbed ram pothineni 2022bullet songnew south indian movies dubbed in hindi 2022 fullsouth,53078926,1056614,19798
27,3k2EiqE4qFA,its just a joke  halloween asmr mukbang emoji parody,2022-11-15,UCH68duckGT6BFUcIKuQUD6g,shortofans,Entertainment,22.29.11,none,19248227,297711,409
8,w9RH7sAfg_I,sultan brunei pandu sendiri kereta bawa anwar ke seri perdana,2022-11-28,UCoV8oT-GyqYSJkxzuAKG3Jw,berita harian online,News & Politics,22.29.11,bhonlinebhberita harianbhtv,181754,1882,359
10,O-5dw-vHS0w,langkah anwar ibrahim usai jadi pm malaysia,2022-11-26,UCKII0Ml9S5wneKbHswmUrIQ,cnn indonesia,News & Politics,22.29.11,cnn indonesiaberita terbaruberitaindonesiaberita terkiniberita terbaru hari inilive streamingtop trendingberita hari ini2022newsberita politiknews livebreaking newsviral terbarulive newsyoutube newsberita viralviralviral hari inihappening nowtrendingberita indonesiacnn indonesiakompas tvinewsnet newstv onenews update,411743,4320,775
20,ZjY4gidrPH0,改革派領袖安華上台馬來西亞執政為什麼這麼難國際大風吹 ep 242,2022-11-27,UC4bokYuSrVGpI6_WYv7Gdbw,the news lens 關鍵評論網,News & Politics,22.29.11,烈火莫熄安華馬哈迪希盟國盟國陣希望聯盟國民聯盟國民陣線大馬,214593,2860,500
21,iyMj5strGZI,how to sneak makeup  shorts,2022-11-16,UCeYTfGpNCmVhlxjQxBDrGPA,mr degree,Howto & Style,22.29.11,makeuphow to sneaksneakschoolmarianashortsfunnyideadiyhacksmr degreeyoutubevideo,93873186,1782656,18225
29,6qI-va1F5ck,dreamers music from the fifa world cup qatar 2022 official soundtrack,2022-11-20,UC-pOuHFcndLpyfWSPVqXt_A,jung kook  topic,Music,22.29.11,jung kookfifa soundbtsdreamers music from the fifa world cup qatar 2022 official soundtrack,7745669,469554,0
36,aqW4xXUgmno,choreography bts 방탄소년단 달려라 방탄 run bts dance practice,2022-11-13,UCLkAepWjdylmXSltofFvsYQ,bangtantv,Music,22.29.11,방탄소년단btsbangtan알엠rm슈가suga제이홉jhope지민정국kpop방탄jhopejung kookjiminbts vjin,32744629,2602309,97370
43,hEq3vHsFYBk,bts jungkook  dreamers lyrics fifa world cup 2022 official soundtrack,2022-11-20,UCmth4hMyizG-_W9jidBqs_A,jaeguchi,Music,22.29.11,jaeguchicolor coded lyricslyrics가사노래girlgroupboygroupaudiomvdancetranslationcolor codedline distribution,4893495,259759,8815
50,EPAjd-cIg04,lindy and jlo have the funniest prank fails,2022-11-03,UCx18ywTcohtS9lpNXt8noWQ,omar raja  espn,Sports,22.29.11,none,115238584,6114072,7595
44,JN__zQshtGQ,bm 2022 pmgc league group yellow day 2  pubg mobile global championship,2022-11-25,UCvrebwQujh0ugAHVEXZcDrA,pubg mobile malaysia,Gaming,22.29.11,none,245615,1692,4
48,U3MiufmSFJs,bm 2022 pmgc league group yellow day 3  pubg mobile global championship,2022-11-26,UCvrebwQujh0ugAHVEXZcDrA,pubg mobile malaysia,Gaming,22.29.11,none,282148,1897,8
40,UKRXgUv305U,diffirent types of people,2022-11-05,UCb1FVtN2EvxaeoBBMtOXg7g,kirya kolesnikov,People & Blogs,22.29.11,kirya kolesnikovkirya action videotiktok prankstiktok videoskirya tiktokflipsactioncomedyparkourbest flipsaction tiktoksprank videostrendingfree runningparkour stunttiktok comedykirya new videoskirya official cahnnel,46527383,1370620,701
33,Li5Ky_wBGEM,cuty sakit parah,2022-11-16,UC5IA7MpYcbhbA28RgyQrV0A,animasinopal,Comedy,22.29.11,none,6532989,414345,751
34,5MVoHEHtiJ0,anything for free shipping,2022-11-26,UCRVtlcqayOmyuLIDrT3ng1w,jay  sharon,Comedy,22.29.11,shortscouplegoals,3132221,434728,668
47,F4krPjZRX74,new brain for avocado shorts,2022-11-08,UCK7sniX2iZCF4-raoTv-Gsw,avocado couple live,Comedy,22.29.11,none,27484125,761317,224
32,qmWwrT91rfY,the perfect dotted line challenge,2022-11-10,UCoGForHQAmk0_9rI9CABeYw,woody  kleiny,Entertainment,22.29.11,none,68911886,3837384,4599
38,GtsQ0XGNJ6M,神作三十分鐘講完阿米宇宙基本法則阿米對人類最後的警告愛的真諦人生在世的意義  老高與小茉 mr  mrs gao,2022-11-16,UCMUnInmOkrWN4gof9KlhNmQ,老高與小茉 mr  mrs gao,Entertainment,22.29.11,none,3086767,76168,6200
39,1uLa4Tqwc8k,ustaz kazim elias dedah kejadian aneh ini berlaku selepas pak su mid men1nggal ini yang terjadi,2022-11-14,UCht6SyEpw69cNVeBpb_kB1w,durian merah,Entertainment,22.29.11,none,532920,7375,724
41,PRCb0m8hwHc,adis cemburu gilang geer berharap dipeluk cewe lain shorts,2022-11-10,UCYqOeAXJm8yV9sJ8Ud3cR7A,indosiar,Entertainment,22.29.11,none,16266437,337538,618
51,GllvAqZ32Kc,penantian panjang anwar ibrahim dari dipenjara hingga jadi pm malaysia,2022-11-25,UCPAxpUn1mrn14xU0JpsLhDg,kompascom,News & Politics,22.29.11,anwar ibrahim pernah dipenjaraanwar ibrahim resmi jadi pm baru malaysiaanwar ibrahim resmi jadi pm malaysiajokowi anwar ibrahimkarier politik anwar ibrahimkasus anwar ibrahimkasus sodomi anwar ibrahimpenantian anwar ibrahimperjalanan politik anwar ibrahimprofil anwar ibrahimraja malaysia tunjuk anwar ibrahim jadi perdana menteri,267604,2331,559
30,46UCx8qYO1Y,real or not ice cream with babies shorts,2022-11-13,UCK0VZPHBtrpyrVBVU3PWPMg,5year crafts,Howto & Style,22.29.11,5 year crafts5year craftsdiydiy projectshow tohow to make,8336954,161603,198
49,Vafhv9G9k9g,when your girlfriends doesnt leave you alone shorts,2022-11-10,UCFcG7cgOd2ePKx--kPft7Kg,one more,Howto & Style,22.29.11,shortscoupleslove,56492534,1209976,1594
62,BeeJvgRZxOc,sang dewi  lyodra andi rianto cover by aina abdul,2022-11-16,UC0Olc6crb9iKDuNX3DnoeGA,aina abdul,Music,22.29.11,none,221494,9959,1063
66,N-pvp7GSD3Y,appatha video song  naai sekar returns  vadivelu  suraaj  santhosh narayanan  lyca productions,2022-11-14,UCLbdVvreihwZRL6kwuEUYsA,think music india,Music,22.29.11,none,11714613,372096,8207
70,ltnnsJf66bc,alyph  swipe ft dato seri vida official music video,2022-10-28,UCu1w9aDGGZpdOP77lXJtItg,alyphvevo,Music,22.29.11,alyphswipeuniversalmusicpteltdpop,4401329,91447,4604
77,6p4SeR3pliM,nike fc presents the footballverse,2022-11-16,UCNhxq7He5p-_FdBh0OaxcQg,nike football,Sports,22.29.11,nikenike commercialfootballversenike fccristiano ronaldokylian mbapperonaldinhor10ronaldor9alex morganvirgil van dijkkevin de bruyneleah williamsonphil fodencarli lloydedgar davidssam kerrshane kluivertcr jr,6577779,221169,7402
58,1lEMx-tl5Hc,bm 2022 pmgc league group yellow day 4  pubg mobile global championship,2022-11-27,UCvrebwQujh0ugAHVEXZcDrA,pubg mobile malaysia,Gaming,22.29.11,none,281789,2387,5
65,HYuWlGEpdNQ,用電風扇做棉花糖小菌的想法還真奇奇怪怪啊 小菌想升職,2022-11-02,UCIQExHeM6xUxOG5nlJ6M33w,小菌想升職,People & Blogs,22.29.11,小菌辦公室老闆同事搞笑段子日常短劇美女總裁,1655183,84135,320
75,8BIXv2efUPg,切记女生的东西不要乱碰否则    办公室 搞笑 原创搞笑,2022-11-09,UCP8lSg4Z8IzZv_CuqADbM8Q,家有铁蛋plus,People & Blogs,22.29.11,鑫鑫呀沙雕整蛊爆笑系列解压快乐抖音爆笑視頻沙雕整蠱快樂搞笑短視頻,956692,57339,93
60,8ihBIZ1M_KI,this show is better than the entire mcu shorts,2022-11-13,UCGt7X90Au6BV8rf49BiM6Dg,ray william johnson,Comedy,22.29.11,ray william johnsonraywilliamjohnsonraywjrwjyoutube shortsnazarindian serial,21300418,1750263,18737
61,jc3tfyx12HQ,kepergok  itakimo bali,2022-11-08,UCMwoWc6kXCqdOq6qLlH59Lw,itakimo bali,Comedy,22.29.11,subscribeyoutubeshortsadoptmeshortsfunnyshortscookinginstagramyoutubeyoutuberlikesshortscomedyshortstiktokshortsadsyoutubegrowthyoutubeusersinstavideokomedilolfunvideoviral,20142138,306832,1941
52,Pncct_FSv94,do i prefer a rock or my dad,2022-11-16,UCyagEfIN1okQ-s996XAqCFQ,zhong,Entertainment,22.29.11,zhongzhong tiktokfunny videostiktoktik toksshortsyoutube shortsentertainentertainmentfunnychallengespranksnewfunbest videosviral videosviralbest challengesbest shortsfunniestfriendsfriendlykidsbesttik tokdarestik toks 2022tiktoks funnyfunny videozhong shortsfunny shortstiktok tiktokfunny memes,21942891,1034764,7865
53,WuLjs71z2WM,live sidang media protes ketuaketua bahagian umno di wtckl,2022-11-21,UC-zwAo_0PsviX7-H71mbHYg,malaysiagazette tv,Entertainment,22.29.11,none,569121,4701,2459
64,PCyUXxOJidg,terkini anwar ibrahim ucapan penuh jelajah mega harapan parlimen gombak,2022-11-16,UCiqdR78bc6Tu7jRpZH7xB5A,mediarakyat,News & Politics,22.29.11,malaysiamediarakyatmedia rakyatanwar ibrahimparlimen gombak,284498,4545,1052
74,wCMe6xFhzx8,video penuh ucapan mat sabu di jelajah mega ph kelantan,2022-11-11,UC9ULnkwvyofZ_sWrzRpyvrg,kinitv,News & Politics,22.29.11,kinitvmalaysiapolitics,559936,6090,1437
78,lk-vwkN4kVg,zahid decision on coalition to form new government to be made after negotiations with other parties,2022-11-21,UCpWvshQVx1d7BqCsPnVuNIw,the star,News & Politics,22.29.11,newsthe star tvthe starmalaysiapoliticsge15electionbarisanpakatanzahidanwargovernment,381265,1992,784
63,HMbiv8wyxDQ,外卖塑料袋打了死结解不开不慌学会这招5秒轻松解开这不科学啊 科学实验 阿基米吴,2022-11-15,UCBVcnlsHQxeMMmdrVguWPHQ,miwu tv,Howto & Style,22.29.11,none,1540510,75026,727
83,kQYoS18YVZQ,floor 88 x namie  kong kali kong official music video,2022-10-28,UC8f4o4-Sw2KitQR8MkIkSiw,rusa music,Music,22.29.11,rusarusa musicrusa marketingrusamusicmalaysiamalaymelayumusicmuziklagu,2168658,35332,1511
89,NrURZnqsGtY,habis hancur kereta qistina khaled kena langgar lori reedzwann cuba tenangkan keadaan,2022-11-02,UCquIzvgQ4PxPDZqFXhuT_gw,mvm music,Music,22.29.11,mvmproductionmusicvalleymuziklagumalaysiamalaymelayu,1209226,38766,684
96,kIEWJ1ljEro,joji  die for you,2022-11-04,UCFl7yKfcRcFmIUbKeCA-SJQ,joji,Music,22.29.11,jojijoji die for youjoji smithereensglimpse of usnectarin tonguesballads 1chloe burbankdie for youjoji music videojoji official videojoji livejoji tourhead in the clouds88risingblahblahblah demo1am freestylejoji night riderjoji dissolvebefore the day is overfeeling like the end,17687848,641889,16348
98,6MbWW_2sFPI,insomniacks  igauan malam official lyric video,2022-11-04,UC-2a-EcwmRUaAOVRR8jM2zQ,insomniacksmyvevo,Music,22.29.11,insomniacksigauanmalamlyricvideouniversalmusicltdmalaysiabranchpop,386635,11032,320
99,ixllGOX0Evw,god of war ragnarok gameplay walkthrough full game ps5 4k 60fps no commentary,2022-11-08,UCj4lFy4F5PqXD7d41mCKVYw,gameclips,Gaming,22.29.11,god of war ragnarokgod of war ragnarok gameplaygod of war ragnarok walkthroughgod of war ragnarok walkthrough part 1god of war ragnarok full gamegod of war ragnarok ps5god of war ragnarok no commentarygod of war ragnarok ps5 gameplaykratosps5ps5 gameplay4k4k gameplayno commentarynocommentarygameplaywalkthroughplaystation 5xbox series xpcfullgame,5890220,94638,5569
81,Llv7PAdeyxw,猛女夹子音甜妹猛男音搞笑段子女生宿舍,2022-11-14,UC9aqG4hxB3GIXW6WXu5CsjA,小马只有一米九,People & Blogs,22.29.11,抖音抖音小马只有一米九闹挺的小马闹挺搞笑社恐社交牛逼症社死猛女女汉子东北抖音最热短剧抖音网红搞笑段子正能量闺蜜,871378,60808,190
93,9PNpRQYMhas,busting 1000 myths in 24 hours,2022-11-10,UCbp9MyKCTEww4CxEzc_Tp0Q,stokes twins,People & Blogs,22.29.11,mythsmythbustersbusting mythsbusting 1000 mythsmovie mythsbusting 100 mythsbusting 200 mythssciencestokes twinsben azelartlexi riverabrent riverajeremy hutchinslexi henslerpiersonandrew daviladom bracksofie dossikat hixsonamp worldampdavid dobrikmorgzmrbeastlogan pauljames charlesfaze rugalex warrenlizzy capricarter sharerprestonunspeakableairrackryan trahanprestonjordan matterdhar mansidemensam and colby,12766415,388345,29736
82,rE_WtPOJ05s,part 2 tisue mag,2022-11-11,UCkqCkyRoXgUxtECdYbQv2cg,soibahdee channel,Comedy,22.29.11,none,3804489,169937,555
79,NP--_N-tCU8,adu intuisi yudist vs bandit,2022-11-14,UCvc00uetYIML9D-7BBrEXLA,yudist ardhana,Entertainment,22.29.11,yudist ardhanayudistyudistardhanashortsyudist shortsyoutube shortsyudist intuisiyudist adu intuisiadu intuisi,5376144,161934,100
84,ZKuhqxTi5Xk,sometimes the trick is the treat  halloween shorts,2022-10-31,UCAMPco9PqjBbI_MLsDOO4Jw,american idol,Entertainment,22.29.11,american idolsinging competitionkaty perryryan seacrestluke bryanlionel richiecoverssingabcamerican idol 2022auditionsprankcaroline bryanhalloween,16777707,1676047,1476
85,I0LpHLJGBoc,the perfect dotted circle,2022-11-03,UCoGForHQAmk0_9rI9CABeYw,woody  kleiny,Entertainment,22.29.11,none,101002245,5291288,5556
88,CUQA9xaZde0,drama spontan 20  episode 3,2022-11-10,UCqWKZzi070JAbB6Adlvn5Qg,syahmi sazli,Entertainment,22.29.11,none,349602,12658,1094
90,8m6cyCOdIXM,live gegar vaganza 9 live   minggu akhir,2022-11-27,UCfztuMBrL9F-KqLZk_SY9TA,astro gempak,Entertainment,22.29.11,astro gempak,643660,2434,304
87,G8og3o5xNjM,bnph bertemu ambil kira pandangan ahli parlimen bn pesan najib mgflash,2022-11-21,UC-zwAo_0PsviX7-H71mbHYg,malaysiagazette tv,News & Politics,22.29.11,malaysiagazettemgtvmgnewsmgflashmg tv,366289,2826,1373
92,cXGh7q3q0qk,你见过链珠喷泉吗将链珠开头向下一拉竟然就起飞咯科学实验 阿基米吴 这不科学啊,2022-11-06,UCBVcnlsHQxeMMmdrVguWPHQ,miwu tv,Howto & Style,22.29.11,none,2033421,63292,321
0,MHWcs1-mfaI,Wales 0  3 England  World Cup 2022 Highlights  Group B  SebolaSuara,2022-11-29,UC3nsS1zgb4Jye9kmA45K6Yg,Stadium Astro,Sports,22.30.11,Stadium Astro|Sports|Astro,984901,12061,576
1,swAj-k8ng1k,Portugal 2  0 Uruguay  World Cup 2022 Highlights  Group H  SebolaSuara,2022-11-28,UC3nsS1zgb4Jye9kmA45K6Yg,Stadium Astro,Sports,22.30.11,Stadium Astro|Sports|Astro,1294399,15414,903
2,IJks7TIDfnk,2022 MAMA IVEKep1erNMIXXLESSERAFIMNewJeansELEVENWADADAOOFEARLESSHypeBoy  Mnet 221129 방송,2022-11-29,UCbD8EppRX3ZwJSou-TVo90A,Mnet KPOP,Gaming,22.30.11,2022 MAMA|2022 MAMA AWARDS|2022 마마|2022 마마 어워즈|ELEVEN|FEARLESS|HypeBoy|IVE|Kep1er|LE SSERAFIM|MAMA AWARDS|Mnet|NMIXX|NewJeans|OO|WADADA|뉴진스|르세라핌|마마 어워즈|아이브|엔믹스|엠넷|케플러|티빙에서스트리밍,4224851,262495,9876
3,tvpVjt97uuU,Johor Darul Tazim 14 Borussia Dortmund  Jelajah Asia Dortmund  ASTRO ARENA  SebolaSuara,2022-11-28,UCU9GQSAhb4JxdSZKNJ_Ib6w,Astro Arena,Sports,22.30.11,astro|arena|sukan|malaysia|bolasepak|badminton|takraw|harimau|malaya|nicol|david|squash|astroarena|astro arena|sport|bola sepak|harimau malaya|sepak takraw|stl 2019|nadi arena|ultras malaya|bola mamak|spike|arena bola|sepak takraw league|dari gelanggang|jdt|selangor fas|malu apa bossku|sukan sea|sea games|olympics|olimpik|bundesliga|mfl|liga super|stadium|gostan|pmam|berbulu dengan burn|bdb|bbb|borakborak botak|burn|botak|arena2|801|802,225303,2700,1457
4,IwzkfMmNMpM,정국 Jung Kook of BTS featuring Fahad Al Kubaisi  Dreamers  FIFA World Cup 2022 Soundtrack,2022-11-22,UCpcTrCXblq78GZrTUTLWeBw,FIFA,Sports,22.30.11,kpop|jung cook|dreamers|dreamers kpop|dreamer bts|jung cook world cup|jung cook fifa song|jung cook world cup song|world cup song,41227972,3363506,171096
5,i0BdNCyqy7s,Orang Yang Paling Berbahaya Di Malaysia The most dangerous man in Malaysia,2022-11-29,UCubdVbYFXGAsPSw64dQatuw,Mariam Mokhtar AdmrlGen,29,22.30.11,Hadi Awang|PRU15|Agung|DAP|Sedition,206965,9477,1748
6,U6tHA3zUSjI,ISSEI funny video  with Inosuke shorts,2022-11-22,UC6QZ_ss3i_8qLV_RczPZBkw,ISSEI  いっせい,Comedy,22.30.11,challenge|funny video|issei0806|short|shorts|viral|再現|面白動画|meme|ISSEI|comedy|issei 0806|issei official channel|funny videos|tredning funny video|viral videos|trend,28788875,903660,2023
7,d2heDnR3sjc,2022 MAMA IVEKep1erNMIXXLE SSERAFIMNewJeans  CHEER UP  Mnet 221129 방송,2022-11-29,UCbD8EppRX3ZwJSou-TVo90A,Mnet KPOP,Gaming,22.30.11,2022 MAMA|2022 MAMA AWARDS|2022 마마|2022 마마 어워즈|CHEER UP|IVE|Kep1er|LE SSERAFIM|MAMA AWARDS|Mnet|NMIXX|NewJeans|뉴진스|르세라핌|마마 어워즈|아이브|엔믹스|엠넷|케플러|티빙에서스트리밍,2553554,179519,6795
8,E2mk7UXwoeo,Orang panggil saya isteri banduan  Dato Seri Dr Wan Azizah,2022-11-30,UCAdP8dPHjRFkcRcAnylcmcQ,Nona,Entertainment,22.30.11,majalahnona|nonasuperwoman|nonasuperwomanaward|wan azizah,213835,3661,721
9,xskmxYaNBaw,Ustaz Kazim Elias Tegur dan Bagi Amaran Keras Isu Anwar Ibrahim Muhyiddin Zahid Hamidi PM PN PH BN,2022-11-21,UCht6SyEpw69cNVeBpb_kB1w,DURIAN MERAH,Entertainment,22.30.11,none,888892,13365,2066
10,Jm29kLeWqDA,Jung Kook from BTS performs Dreamers at FIFA World Cup opening ceremony,2022-11-20,UCpcTrCXblq78GZrTUTLWeBw,FIFA,Music,22.30.11,Jung cook|BTS|Kpop|kpop|fifa world cup|fifa world cup opening ceremony|qatar opening ceremony|dreamers|jung cook dreamers|jung cook at world cup opening ceremony|jung cook performs dreamers|Fahad Al Kubaisi|fahad al kubaisi dreamers,32426822,1673427,69136
111,74eLg73m-Hk,medieval glass smash racing is intense,2022-10-24,UC5f5IV0Bf79YLp_p9nfInRA,how ridiculous,Sports,22.29.11,how ridiculousrexy44club,75078211,2934209,3139
114,PRvnJFWQkXU,bro slid so far ht knnymillstw halloween shorts,2022-11-03,UCPHKMJbis1c0R7d7WJQ35tA,overtime,Sports,22.29.11,none,17505560,1080036,6709
102,tNaIbwvL1Ko,minecraft but rainbow friends beat the game for you,2022-11-10,UCKGNVB2moP-zeAWPmw8HvAA,craftee,Gaming,22.29.11,minecraftminecraft butnew minecraftcrafteecraftcraftercraftycraftingcrafting recipecrafting in minecraftminecraft updatesurvivalhow to survivecaves and cliffscaves and cliffs updatenew minecraft channeldiamondsender dragonfastest diamondscustomdiamondemeraldsminecraft survivalminecraft challengeminecraft secretminecraft modminecraft rainbow friendsminecraft rainbow friends modminecraft but rainbow friends,4680615,65823,1822
109,U-sjbuvX7fA,always love your mom  shorts,2022-10-31,UC-UXd3xaj1I_yTvufcMdDAA,lankybox world,Gaming,22.29.11,lankyboxlankybox worldlankybox reactsfoxy and boxylankybox fanlankybox fan artfoxyboxylankybox world robloxlankybox robloxlankybox plushieshortsshorts,45482073,2364222,4657
110,u0m_a7FpXB0,男友居然在家裡藏了三個女人這到底怎麼回事 徐三柒變裝,2022-11-17,UCBKNgbdWjD24nPZBLBoaTOg,徐三柒,People & Blogs,22.29.11,美妝都市生活辦公美女黑絲cp逆襲反轉閨蜜情感逆天化妝術,1055952,64946,123
113,6p6foLWpZXw,naik sheikh shorts,2022-10-25,UCRkKVzI9_jNcSvGDeht2LDw,teeshahtv,People & Blogs,22.29.11,borongsemuapasukanasikborong semuaborong semua azfar badrulracunazfarbadrulpasukanasiklanjutkandikamuracunhobbymakansupportpeniagajalananstreetfoodkelantanhobby makanazfar badrulteeshahtv,529797,7037,565
107,NWi5yA9LhB4,trickortreating in a rush,2022-10-27,UCb8vrqP8Z7Oz9ZTYvUtjUHQ,daniel labelle,Comedy,22.29.11,holloweentrickortreat,164503989,5257760,6576
108,q_wlOxoFyOE,keset mana,2022-11-16,UC7NjHQFW-iD0nZy2javtbsA,wilson sinai,Comedy,22.29.11,wilson sinaikocaklucuhumordagelanwilsonsinaiwilsonvidgram,4440581,71595,91
101,WOakSm34QHk,ngintip frost diamond pacaran pakai drone ternyata mojok di dekat rumah kosong dia malah,2022-11-08,UC4hGmH5sABOA70D4fGb8qNQ,frost diamond,Entertainment,22.29.11,frostdiamondtutorialminecraftcewekpacaran,2504366,44135,1100
105,GbUWmwedYP0,berapa mobil mainan buat narik mobil beneran,2022-10-25,UConZUB9SoH7H1Sp5wvzEEpg,glenn julifer,Entertainment,22.29.11,none,10132953,358388,771
115,eY4eJNronEM,transformasi m4fia ai team,2022-11-08,UCKCK2lumiYpKfD1aEj4W5vg,alieff irfan,Entertainment,22.29.11,none,907243,54157,2507
103,x8IqYK9lf_M,semua pimpinan umno termasuk saya kena letak jawatan bukan zahid saja,2022-11-20,UC9ULnkwvyofZ_sWrzRpyvrg,kinitv,News & Politics,22.29.11,kinitvmalaysiapolitics,417161,2304,1162
106,ZriDaJlL0lU,full pengakuan sopir ambulans saat evakuasi jenazah brigadir j,2022-11-07,UC5BMIWZe9isJXLZZWPWvBlg,kompastv,News & Politics,22.29.11,brigadir yosuakasus pembunuhan brigadir jsaksi sidang eliezersopir ambulans brigadir jkompasberita kompasberita kompastvkompas newskompastvkompas tvkompastv live streamingkompas tv live streaminglive streamingindonesianewsyoutube newsberita terbaru hari iniviral terbarubreaking newslive newsberita terkinitop news,7826260,66936,7699
11,1YmU64DYisU,The Dumbbell Only 1 Person Could Lift,2022-11-22,UCuJBpMyxlmemsQiivWPcGrQ,Browney Shorts,People & Blogs,22.30.11,none,15573517,1013856,2421
12,0lg7NdROYMY,RENTASAN 1260  GEMPAR KINI HADI AWANG GUNAKAN SUKAN BOLA SEPAK SEBAGAI ANALOGI BANTAH TITAH YDPA,2022-11-29,UCQH6GpVoQxosMNiOnAbbkoQ,Jom Channel,News & Politics,22.30.11,pas|umno|pakatan harapan|barisan nasional|jom channel|berita terbaru|berita politik terkini|rentasan berita|tun m|tun dr mahathir|parlimen ke 14|parlimen 2020|bicara kes najib|anwar ibrahim|tun mahathir|tun m dan anwar|politik malaysia|hishamuddin|najib bela diri|lokman adam|rosmah mansor|najib razak|perikatan nasional|kerajaan baru|bersatu|kerajaan pn|ph terkini|bubar parlimen|kkm malaysia|pkp|bantuan prihatin nasional,168572,2621,887
13,n7SDv8aBlHI,Home Alone in a Rush 2,2022-11-25,UCb8vrqP8Z7Oz9ZTYvUtjUHQ,Daniel LaBelle,Comedy,22.30.11,none,15107289,713265,2046
14,Ut1OzEVUiM4,Red Velvet 레드벨벳 Birthday MV,2022-11-28,UCEf_Bc-KVd7onSeifS3py9g,SMTOWN,Music,22.30.11,레드벨벳|벌쓰데이|벌스데이|생일|아이린|슬기|예리|웬디|조이|뮤직비디오|뮤비|red velvet|birthday|irene|seulgi|yeri|wendy|joy|party|music video|mv|the reve festival|리브 페스티벌,6903084,623258,30717
15,jEdfjuG0Fx4,정국 Jung Kook Dreamers  FIFA World Cup Qatar 2022 Opening Ceremony,2022-11-21,UCLkAepWjdylmXSltofFvsYQ,BANGTANTV,Music,22.30.11,방탄소년단|BTS|BANGTAN|알엠|RM|슈가|SUGA|제이홉|jhope|지민|정국|kpop|방탄|jhope|Jung Kook|Jimin|BTS V|Jin,44923077,2634547,99413
16,baOyJQOkI4o,SUBWAY SURFERS 3 shorts,2022-11-21,UCjaxmdb_gTWbz9XF5rzvgGg,Natan por Aí,Entertainment,22.30.11,none,11156722,259032,150
17,xktdFsBcUQY,Neymar made that look TOO EASY ,2022-11-17,UC6c1z7bA__85CIWZ_jpCK-Q,ESPN FC,Sports,22.30.11,espn fc|soccer on espn|espn soccer|ESPNFC|ESPNFC|ESPN FC|espn fc tv|soccer|futbol|Neymar made that look TOO EASY |neymar|neymar jr|espn fc shorts|espnfc shorts|shorts|shortsvideo|world cup|world cup 2022,23791909,1172191,3338
18,w9RH7sAfg_I,Sultan Brunei pandu sendiri kereta bawa Anwar ke Seri Perdana,2022-11-28,UCoV8oT-GyqYSJkxzuAKG3Jw,Berita Harian Online,News & Politics,22.30.11,BHOnline|BH|Berita Harian|BHTV,219457,2037,379
19,zm_NeRUA_T4,PAKE AYAM JUGA  Itakimo Bali,2022-11-20,UCMwoWc6kXCqdOq6qLlH59Lw,Itakimo Bali,Comedy,22.30.11,life|diet|itakimo|slimmingtea|tipsdiet|homemade|healthylifestyle|comedy|lol|funnyvideos2022|healtyfood|tasty|live|fun|meme|shortstiktok|funnyvideos|memes|comedyvideos|lmao|laugh|viral,16785074,521787,502
20,O-5dw-vHS0w,Langkah Anwar Ibrahim Usai Jadi PM Malaysia,2022-11-26,UCKII0Ml9S5wneKbHswmUrIQ,CNN Indonesia,News & Politics,22.30.11,CNN Indonesia|berita terbaru|berita|Indonesia|berita terkini|berita terbaru hari ini|live streaming|top trending|berita hari ini|2022|news|berita politik|news live|breaking news|viral terbaru|live news|youtube news|berita viral|viral|viral hari ini|happening now|trending|berita Indonesia|cnn indonesia|kompas tv|inews|net news|tv one|news update,432894,4526,799
21,Sj4nIQSHnQo,2022 MAMA JEON SOMI X LEEJUNG LEE  Worldwide Fans Choice 후보곡  Mnet 221129 방송,2022-11-29,UCbD8EppRX3ZwJSou-TVo90A,Mnet KPOP,Gaming,22.30.11,2022 MAMA|2022 MAMA AWARDS|2022 마마|2022 마마 어워즈|JEON SOMI|LEEJUNG LEE|MAMA AWARDS|Mnet|리정|마마 어워즈|엠넷|전소미|티빙에서스트리밍,1543035,92512,2639
22,wHKsNi1uEK0,Brazil 1  0 Switzerland  World Cup 2022 Highlights  Group G  SebolaSuara,2022-11-28,UC3nsS1zgb4Jye9kmA45K6Yg,Stadium Astro,Sports,22.30.11,Stadium Astro|Sports|Astro,791282,9449,364
23,XoNdkYlce6I,What Is Happening ,2022-11-25,UCUnmH8N8k4E7y3dKfCzDKKg,Brandon B,Entertainment,22.30.11,Magic|VFX|Trick|Zach King|Premiere Pro|After Effects|How To|Tutorial|Magic Revealed|Magic tutorial|Premiere Pro Magic|After Effects Tutorial|CGI|Tik Tok|CGI Fans|Mind Blowing|funnyvideos|Entertainment,1152642,39368,222
24,wSN4KDzr94Q,KOK BISA GINI SIH BITTERSWEET BY NAJLA kuliner makan dessert,2022-11-29,UCz8cz0ylkuBgzGVvmL2Zevg,amritsa raje,People & Blogs,22.30.11,none,1143183,92210,213
25,0869KsBf00s,Her Reaction  Paint Prank on MOM  shorts,2022-11-20,UCNBTflmnht6ZMRNCDNilw9g,ZutiGang,People & Blogs,22.30.11,none,16547623,401140,1476
26,ZjY4gidrPH0,改革派領袖安華上台馬來西亞執政為什麼這麼難國際大風吹 Ep 242,2022-11-27,UC4bokYuSrVGpI6_WYv7Gdbw,The News Lens 關鍵評論網,News & Politics,22.30.11,烈火莫熄|安華|馬哈迪|希盟|國盟|國陣|希望聯盟|國民聯盟|國民陣線|大馬,232789,2965,503
27,ecsWfDLtoc8,Run BTS 2022 Special Episode  RUN BTS TV Onair Part 2,2022-11-29,UCLkAepWjdylmXSltofFvsYQ,BANGTANTV,Music,22.30.11,방탄소년단|BTS|BANGTAN|알엠|RM|슈가|SUGA|제이홉|jhope|지민|정국|kpop|방탄|jhope|Jung Kook|Jimin|BTS V|Jin,2679887,315450,9281
28,goqR41nioeI,Kmy Kmo  Luca Sickta ft Sufian Suhaimi  Budi Official Music Video,2022-11-29,UC8f4o4-Sw2KitQR8MkIkSiw,Rusa Music,Music,22.30.11,rusa|rusa music|rusa marketing|rusamusic|malaysia|malay|melayu|music|muzik|lagu|budi|music video|official|kmy kmo|luca sickta|sufian suhaimi|ryan bakery,48137,3946,536
29,SHc4ratXTgk,Crazy Cat,2022-11-29,UCG6NHS34ujpuokyx008jgzQ,パロってるParotter,Gaming,22.30.11,minecraft|マインクラフト|anime|animation|game|shorts|TikTok|parotteru|parotteruanimation|funny|funnytiktok|funnyvideo|meme|memes|mostfunny|compilation|fyp|fypシ|gamer|tiktok compilation,1314718,79457,513
30,VNYEHXsehTg,카라KARA의 킬링보이스를 라이브로  Rock U Pretty Girl Honey 미스터 루팡 점핑 Step 맘마미아 WHEN I MOVE  딩고뮤직,2022-11-29,UCtCiO5t2voB14CmZKTkIzPQ,딩고 뮤직  dingo music,Music,22.30.11,딩고뮤직|dingo|dingomusic|music|kpop|live|멜론|세로라이브|최신가요|top100|아이돌|라이브|음악|딩고,2857410,138871,14928
31,46UCx8qYO1Y,REAL OR NOT Ice Cream With Babies Shorts,2022-11-13,UCK0VZPHBtrpyrVBVU3PWPMg,5Year Crafts,Howto & Style,22.30.11,5 year crafts|5year crafts|diy|diy projects|how to|how to make,10228937,204877,242
32,5MVoHEHtiJ0,Anything for Free Shipping,2022-11-26,UCRVtlcqayOmyuLIDrT3ng1w,Jay  Sharon,Comedy,22.30.11,shorts|couplegoals,4092654,551545,777
33,1iWTl8DM7Rg,Maher Zain  Humood  Tahayya  World Cup 2022  ماهر زين و حمود الخضر  تهيا,2022-11-23,UCBq5hp6DvwWam2XOXw6lYJA,Awakening Music,Music,22.30.11,world cup song|world cup song 2022|maher zain|humood|ماهر زين|qatar world cup song|اغنية كاس العالم 2022|حمود الخضر|maher zain world cup|humood world cup|maher zain new|تهيا|tahayya|ماهر زين وحمود الخضر|هيا هيا كاس العالم|تهيأ حمود الخضر|هيا هيا|hayya hayya|حمود الخضر وماهر زين|اغاني كاس العالم قطر 2022|tahayya maher zain|حمود الخضر كاس العالم|اغاني|fifa world cup 2022 song|tahaya|maher zain tahayya|هلا هلا كاس العالم|haya haya|tahiyya maher zain,14852833,298378,17561
34,C5JW5bDGSmQ,Nurul Izzah kongsi cerita tentang Dato Seri Anwar Ibrahim dengan Bekpes Hot  HotFM,2022-11-25,UCFV_yPFxPbbmrYJ9J6zJglA,Hot TV,Entertainment,22.30.11,hotfm|Hot TV|Kini Lebih Muzik Yang Hangat|AG Azmeer|Fad Bocey|Fara Fauzana|Rakyat Rangers|Riena Diana|Imran Aqil|media prima audio|parodi,286574,3592,432
35,3k2EiqE4qFA,ITS JUST A JOKE  Halloween ASMR Mukbang Emoji Parody,2022-11-15,UCH68duckGT6BFUcIKuQUD6g,SHORTOFANS,Entertainment,22.30.11,none,21431893,339840,501
36,RFA3ruwfLYI,The Warriorr New Released Full Hindi Dubbed Movie  Ram Pothineni Aadhi Pinisetty Krithi Shetty,2022-11-20,UCjBwQ6M9QyCgO5Pp-TQRFUA,RKD Studios,Entertainment,22.30.11,the warrior hindi dubbed full movie|the warrior hindi movie|the warrior movie|The Warriorr full movie Hindi Dubbed|Ram Pothineni Movie|The Warriorr hindi dubbed full movie|2022 new hindi dubbed movies|2022 hindi movies|south indian movies dubbed in hindi full movie 2022 new|Krithi Shetty movies|Aadhi Pinisetty hindi dubbed movies|सउथ मव|the warrior full movie hindi dubbed ram pothineni 2022|bullet song|new south indian movies dubbed in hindi 2022 full|south,56546558,1100287,19603
37,yN_-8FELZ-k,Dont try them at home  thatlittlepuff catsofyoutube,2022-11-16,UClFN9LShD_Pv0wnSeUKbUZw,That Little Puff,Pets & Animals,22.30.11,none,50677871,2464471,2788
38,iyMj5strGZI,How to Sneak Makeup  shorts,2022-11-16,UCeYTfGpNCmVhlxjQxBDrGPA,Mr DegrEE,Howto & Style,22.30.11,makeup|how to sneak|sneak|school|mariana|shorts|funny|idea|diy|hacks|mr degree|youtube|video,97296751,1843659,18500
39,FD-0KG-h2-c,Gordon Ramsay Tries Most Expensive Chocolate Bar,2022-11-19,UCX6OQ3DkcsbYNE6H8uQQuVA,MrBeast,Entertainment,22.30.11,none,39083914,3298455,10599
40,6qI-va1F5ck,Dreamers Music from the FIFA World Cup Qatar 2022 Official Soundtrack,2022-11-20,UC-pOuHFcndLpyfWSPVqXt_A,Jung Kook  Topic,Music,22.30.11,Jung Kook|FIFA Sound|BTS|Dreamers Music from the FIFA World Cup Qatar 2022 Official Soundtrack,8240861,479348,0
41,HDRyJyya3dQ,DOMPET SIAPA INI  Itakimo Bali,2022-11-11,UCMwoWc6kXCqdOq6qLlH59Lw,Itakimo Bali,Comedy,22.30.11,shortsviral|itakimo|itakimobali|videolucu|komedi|ngakak|kisah|filmsedih|filmpenduk|dagelan|trending1|topviralvideos|topshorts|shortstrending|shortsfunny|shortscomedy|shortsviral2022|tutorialshorts,21522398,565977,1532
42,PMT3UhzDxH4,白鹿周深的生日惊喜变惊吓蔡徐坤 的蔡式速记法有多绝周深姚译添的MBTI首次揭露 陈卓璇符龙飞新歌舞台首发奔跑吧共富篇 KeepRunning EP3 FULL 20221118,2022-11-18,UCfj8FsoiPFHn1gZMJaeLEDg,浙江卫视奔跑吧官方频道欢迎订阅,Entertainment,22.30.11,奔跑吧|奔跑吧共同富裕|奔跑吧10|奔跑吧10ep1|奔跑吧兄弟10|奔跑吧2022|奔跑吧2021|蔡徐坤|周深|Angelababy|郑恺|李晨|沙溢|沙溢蔡徐坤|keeprunning10|跑男10|paonan10|benpaoba10|奔跑吧第六季|running man10|奔跑吧兄弟第十季|奔跑吧10周深|benpaoba|奔跑吧特别季|奔跑吧路透|奔跑吧兄弟|白鹿|魏大勋|陈卓璇|张佳宁|奔跑吧黄河|路透|奔跑吧周深|奔跑吧蔡徐坤|奔跑吧angelababy|奔跑吧沙溢|奔跑吧白鹿|奔跑吧李晨|奔跑吧郑恺|奔跑吧黄河路透|奔跑吧特别季路透|奔跑吧开播|奔跑吧即将开播|奔跑吧预告|林一|王嘉尔|黄旭熙|Lucas|superm|威神v|nct|yuqi|GIDLE|gidle|got7|孙怡|李沁|郭麒麟|宋祖儿|关晓彤鹿晗|迪丽热巴|迪丽热巴鹿晗|姚译添|姚译添宋祖儿|王嘉尔宋雨琦|蔡徐坤白鹿|邓紫棋|符龙飞|音乐|舞台|生日|music|檀健次|共富|陈飞宇|阿瑟|朱韵|罗云熙|硬糖少女|hi6|希林|希林娜依高|最美中轴线|白鹿生日|周深生日|MBTI,938115,8499,492
43,jmww_DEbzVs,Bahagian 2 bermula Disember iniEjen Ali Musim 3 BAHAGIAN 2  Official Teaser,2022-11-25,UC42ZduLx6o3Nqg04kMuMCEw,EjenAli,Film & Animation,22.30.11,ejenali|animationMY|boboiboy|upin ipin|wau|wauanimation|pws|primeworks|ejen|animasi|kartun|lescopaque|monsta|animonsta|ali|bakar|comot,210298,8538,944
44,3xReIHV13IQ,She really did it her way,2022-11-14,UCSWwb_YyNB8vuC1VDcfPPaQ,Talent Recap,Entertainment,22.30.11,agt 2022|agt|agt videos|agt auditions|americas got talent|bgt|bgt videos|bgt auditions|britains got talent|simon cowell|got talent|golden buzzer|top acts|best auditions|angelica hale|darci lynne|india|philippines,27748284,1832267,4109
45,qmWwrT91rfY,The perfect dotted line challenge,2022-11-10,UCoGForHQAmk0_9rI9CABeYw,Woody  Kleiny,Entertainment,22.30.11,none,69771070,3865669,4604
46,UKRXgUv305U,Diffirent types of people,2022-11-05,UCb1FVtN2EvxaeoBBMtOXg7g,Kirya Kolesnikov,People & Blogs,22.30.11,kirya kolesnikov|kirya action video|tiktok pranks|tiktok videos|kirya tiktok|flips|action|comedy|parkour|best flips|action tiktoks|prank videos|trending|free running|parkour stunt|tiktok comedy|kirya new videos|kirya official cahnnel,48606678,1436900,729
47,Li5Ky_wBGEM,CUTY SAKIT PARAH,2022-11-16,UC5IA7MpYcbhbA28RgyQrV0A,animasinopal,Comedy,22.30.11,none,6622872,420080,756
48,aqW4xXUgmno,CHOREOGRAPHY BTS 방탄소년단 달려라 방탄 Run BTS Dance Practice,2022-11-13,UCLkAepWjdylmXSltofFvsYQ,BANGTANTV,Music,22.30.11,방탄소년단|BTS|BANGTAN|알엠|RM|슈가|SUGA|제이홉|jhope|지민|정국|kpop|방탄|jhope|Jung Kook|Jimin|BTS V|Jin,33361100,2612830,97550
49,-YrOEmbwe_s,Yonimoshorts shorts,2022-10-28,UCmrfD0X_7eRDoHqOKakbREQ,Elephant Movie,Film & Animation,22.30.11,film|movie|films|shorts|Elephant Movie|watch Elephant Movie|Elephant Movie youtube|short films|english movie|movies|free short film|best scenes|movie clips|best moments|science fiction|free scifi short|sci fi shorts|scifi|action|best action movies|action movie|action movies|feature|Yonimo|fantasy,12543547,1042956,1142
50,GtsQ0XGNJ6M,神作三十分鐘講完阿米宇宙基本法則阿米對人類最後的警告愛的真諦人生在世的意義  老高與小茉 Mr  Mrs Gao,2022-11-16,UCMUnInmOkrWN4gof9KlhNmQ,老高與小茉 Mr  Mrs Gao,Entertainment,22.30.11,none,3118307,76562,6229
51,PRCb0m8hwHc,Adis Cemburu Gilang Geer Berharap Dipeluk Cewe Lain shorts,2022-11-10,UCYqOeAXJm8yV9sJ8Ud3cR7A,Indosiar,Entertainment,22.30.11,none,16646717,344859,627
52,1uLa4Tqwc8k,Ustaz Kazim Elias Dedah Kejadian Aneh Ini BERLAKU Selepas Pak Su Mid MEN1NGGAL Ini Yang Terjadi,2022-11-14,UCht6SyEpw69cNVeBpb_kB1w,DURIAN MERAH,Entertainment,22.30.11,none,539006,7437,728
53,hEq3vHsFYBk,BTS Jungkook  Dreamers Lyrics FIFA World Cup 2022 Official Soundtrack,2022-11-20,UCmth4hMyizG-_W9jidBqs_A,Jaeguchi,Music,22.30.11,jaeguchi|color coded lyrics|lyrics|가사|노래|girlgroup|boygroup|audio|mv|dance|translation|color coded|line distribution,4947541,260119,8795
54,JN__zQshtGQ,BM 2022 PMGC League Group Yellow Day 2  PUBG MOBILE Global Championship,2022-11-25,UCvrebwQujh0ugAHVEXZcDrA,PUBG MOBILE Malaysia,Gaming,22.30.11,none,246103,1692,4
55,BHRS1ZkqOWQ, Siaran Langsung 29112022 Kuliyyah Maghrib  Soal Jawab Agama  Ustaz Azhar Idrus,2022-11-29,UC-eO7wPzP75WCJCh-LT5P3Q,Ustaz Azhar Idrus Official,Education,22.30.11,Kuliah|forum|ceramah|terkini|hukum solat|video viral|ustaz azhar idrus|ustaz azhar|ustaz|UAI|kuliyyah|tazkirah|ustadz abdul somad|lc|uaioriginal|official|rasmi|trending|artis|Malaysia|Indonesia|sirah|aqidah|tauhid|lisan|masjid|forum perdana|facebook|kuliyah|islam|muslim|lampu islam|lawak|jenaka|kelakar|hukum|ebit lew|caprice|wukuf|arafah|haji|aidil adha|raya|pkp|pkpd,46313,1128,25
56,zuVV9Y55gvc,Ranjithame  Varisu Lyric Song Tamil  Thalapathy Vijay  Rashmika  Vamshi Paidipally  Thaman S,2022-11-05,UCq-Fj5jknLsUf-MWSy4_brA,TSeries,Music,22.30.11,hindi songs 2022|hindi songs new|bollywood songs 2022|bollywood movies 2022|tseries|tseries songs|hindi songs|bollywood romantic songs|romantic hindi songs|bollywood dance songs|Ranjithame Lyrical|Varisu|Thalapathy Vijay Singing|Thalapathy Vijay Song|Thalapathy Vijay Dance Number|Thalapathy Vijay Ranjithame|Thalapathy Vijay Varisu|Thalapathy Vijay|Vivek|Thaman S|Varisu Lyric Song Tamil|Ranjithame Lyric Song|Ranjithame Video Song|Ranjithame|Tamil Song,75278993,2020243,91135
57,Vafhv9G9k9g,When your girlfriends doesnt leave you alone shorts,2022-11-10,UCFcG7cgOd2ePKx--kPft7Kg,One More,Howto & Style,22.30.11,shorts|couples|love,58513929,1246578,1626
58,F4krPjZRX74,New Brain for Avocado shorts,2022-11-08,UCK7sniX2iZCF4-raoTv-Gsw,Avocado Couple Live,Comedy,22.30.11,none,28666039,797747,232
59,EPAjd-cIg04,Lindy and Jlo have the funniest prank fails ,2022-11-03,UCx18ywTcohtS9lpNXt8noWQ,Omar Raja  ESPN,Sports,22.30.11,none,118992189,6266370,7732
60,U3MiufmSFJs,BM 2022 PMGC League Group Yellow Day 3  PUBG MOBILE Global Championship,2022-11-26,UCvrebwQujh0ugAHVEXZcDrA,PUBG MOBILE Malaysia,Gaming,22.30.11,none,283023,1901,8
61,Pncct_FSv94,DO I Prefer A Rock Or My Dad,2022-11-16,UCyagEfIN1okQ-s996XAqCFQ,Zhong,Entertainment,22.30.11,zhong|zhong tiktok|funny videos|tiktok|tik toks|shorts|youtube shorts|entertain|entertainment|funny|challenges|pranks|new|fun|best videos|viral videos|viral|best challenges|best shorts|funniest|friends|friendly|kids|best|tik tok|dares|tik toks 2022|tiktoks funny|funny video|zhong shorts|funny shorts|tiktok tiktok|funny memes,22804612,1062746,7970
62,39B8qBta-zk,Rolling pigs from the kayak,2022-11-10,UCI7bNyuDVBUnacJb85WlUSg,Hunting with Stu,Entertainment,22.30.11,none,12304887,136023,611
63,HSX8Lts4enc,BOCIL KEMBAR SELALU DIRAWAT SAMA NENEK GEMOY  Kaleb Andri shorts alurfilm storytelling,2022-11-14,UCskgi2HFEUjB0mXU_IBXOrg,Kaleb Andri,Entertainment,22.30.11,none,4434601,366115,6245
64,Qyf4sJKayBc,Magician  Food  ,2022-11-11,UC3IjgjgWtpLTCrR0shGXKVg,SeanDoesMagic,Entertainment,22.30.11,none,48527432,1501099,7409
65,WuLjs71z2WM,LIVE Sidang Media Protes KetuaKetua Bahagian UMNO di WTCKL,2022-11-21,UC-zwAo_0PsviX7-H71mbHYg,MalaysiaGazette TV,Entertainment,22.30.11,none,571859,4721,2438
66,1lEMx-tl5Hc,BM 2022 PMGC League Group Yellow Day 4  PUBG MOBILE Global Championship,2022-11-27,UCvrebwQujh0ugAHVEXZcDrA,PUBG MOBILE Malaysia,Gaming,22.30.11,none,282593,2395,5
67,kYoJ9J9kPSA,Genius level escape method l TikTok Creative Humor Video lFunny Video Long MomShorts,2022-10-29,UCobCsXaWsPawN22tXWH0cbw,GuiGe,Entertainment,22.30.11,tiktok|creative|creative craft|创意|funny|搞笑|amazingskills|talent|talent people|viral videos|tiktoks|plot twists|humor|幽默|family|mom and son|detective mom|detective mom vs genius son|pranks fat daughter|2021|2022|Newvideos|Tik Tok|try not to laugh challenge|funniest moments|comedy videos|pani video|must watch new year funny video|compilation|escape|escape mom|angry mom,159925640,4157008,3346
68,8ihBIZ1M_KI,This show is better than the entire MCU shorts,2022-11-13,UCGt7X90Au6BV8rf49BiM6Dg,Ray William Johnson,Comedy,22.30.11,ray william johnson|raywilliamjohnson|raywj|rwj|youtube shorts|nazar|indian serial,22220462,1787375,19209
69,aNlk-aujf3o,LIVE GEGAR VAGANZA 9 LIVE   MINGGU SEPARUH AKHIR,2022-11-20,UCfztuMBrL9F-KqLZk_SY9TA,Astro Gempak,Entertainment,22.30.11,Astro Gempak,489696,1812,207
70,jc3tfyx12HQ,KEPERGOK  Itakimo Bali,2022-11-08,UCMwoWc6kXCqdOq6qLlH59Lw,Itakimo Bali,Comedy,22.30.11,subscribe|youtube|shortsadoptme|shortsfunny|shortscooking|instagramyoutube|youtuberlikes|shortscomedy|shortstiktok|shortsads|youtubegrowth|youtubeusers|instavideo|komedi|lol|fun|videoviral,20533113,312140,1954
71,BeeJvgRZxOc,SANG DEWI  LYODRA ANDI RIANTO COVER BY AINA ABDUL,2022-11-16,UC0Olc6crb9iKDuNX3DnoeGA,Aina Abdul,Music,22.30.11,none,226328,10034,1074
72,HMbiv8wyxDQ,外卖塑料袋打了死结解不开不慌学会这招5秒轻松解开这不科学啊 科学实验 阿基米吴,2022-11-15,UCBVcnlsHQxeMMmdrVguWPHQ,MIWU TV,Howto & Style,22.30.11,none,1597173,76562,735
73,PCyUXxOJidg,Terkini Anwar Ibrahim Ucapan Penuh Jelajah Mega Harapan Parlimen Gombak,2022-11-16,UCiqdR78bc6Tu7jRpZH7xB5A,mediarakyat,News & Politics,22.30.11,malaysia|mediarakyat|media rakyat|anwar ibrahim|parlimen gombak,285513,4551,1064
74,HYuWlGEpdNQ,用電風扇做棉花糖小菌的想法還真奇奇怪怪啊 小菌想升職,2022-11-02,UCIQExHeM6xUxOG5nlJ6M33w,小菌想升職,People & Blogs,22.30.11,小菌|辦公室|老闆|同事|搞笑|段子|日常|短劇|美女|總裁,1705520,85358,329
75,N-pvp7GSD3Y,Appatha Video Song  Naai Sekar Returns  Vadivelu  Suraaj  Santhosh Narayanan  Lyca Productions,2022-11-14,UCLbdVvreihwZRL6kwuEUYsA,Think Music India,Music,22.30.11,none,11803455,373479,8226
76,hbgxLp4oRfE,Cool hair prank  shorts,2022-11-10,UCeYTfGpNCmVhlxjQxBDrGPA,Mr DegrEE,Entertainment,22.30.11,funny|hair|prank|pranks|school|mariana|mr degree|shorts|girl|cool|best|trick|tricks,52367422,1906471,2695
77,GllvAqZ32Kc,Penantian Panjang Anwar Ibrahim dari Dipenjara hingga Jadi PM Malaysia,2022-11-25,UCPAxpUn1mrn14xU0JpsLhDg,Kompascom,News & Politics,22.30.11,anwar ibrahim pernah dipenjara|anwar ibrahim resmi jadi pm baru malaysia|anwar ibrahim resmi jadi pm malaysia|jokowi anwar ibrahim|karier politik anwar ibrahim|kasus anwar ibrahim|kasus sodomi anwar ibrahim|penantian anwar ibrahim|perjalanan politik anwar ibrahim|profil anwar ibrahim|raja malaysia tunjuk anwar ibrahim jadi perdana menteri,278411,2401,577
78,LUzI9Jk929A,If People Rode Dinosaurs Instead of Walked,2022-10-25,UCb8vrqP8Z7Oz9ZTYvUtjUHQ,Daniel LaBelle,Comedy,22.30.11,none,121335496,5332225,10465
79,08m8FwQNXec,兄弟团自费秋游团建 谁将是最后的胜利者秋天的微风与稻田就是绝配快来和奔奔一起乘坐浪漫热气球 奔跑吧共富篇 KeepRunning EP2 FULL 20221111,2022-11-11,UCfj8FsoiPFHn1gZMJaeLEDg,浙江卫视奔跑吧官方频道欢迎订阅,Entertainment,22.30.11,奔跑吧|奔跑吧共同富裕|奔跑吧10|奔跑吧10ep1|奔跑吧兄弟10|奔跑吧2022|奔跑吧2021|蔡徐坤|周深|Angelababy|郑恺|李晨|沙溢|沙溢蔡徐坤|keeprunning10|跑男10|paonan10|benpaoba10|奔跑吧第六季|running man10|奔跑吧兄弟第十季|奔跑吧10周深|benpaoba|奔跑吧特别季|奔跑吧路透|奔跑吧兄弟|白鹿|魏大勋|陈卓璇|张佳宁|奔跑吧黄河|路透|奔跑吧周深|奔跑吧蔡徐坤|奔跑吧angelababy|奔跑吧沙溢|奔跑吧白鹿|奔跑吧李晨|奔跑吧郑恺|奔跑吧黄河路透|奔跑吧特别季路透|奔跑吧开播|奔跑吧即将开播|奔跑吧预告|林一|王嘉尔|黄旭熙|Lucas|superm|威神v|nct|yuqi|GIDLE|gidle|got7|孙怡|李沁|郭麒麟|宋祖儿|关晓彤鹿晗|迪丽热巴|迪丽热巴鹿晗|姚译添|姚译添宋祖儿|王嘉尔宋雨琦|蔡徐坤白鹿|邓紫棋|孙怡 董子健|董子健 孙怡|孙怡 董子健 知乎|mangotv 再见爱人|再见爱人2 花絮|再见爱人 第二季|再见爱人,1031534,9826,636
80,ltnnsJf66bc,ALYPH  SWIPE ft Dato Seri Vida Official Music Video,2022-10-28,UCu1w9aDGGZpdOP77lXJtItg,ALYPHVEVO,Music,22.30.11,ALYPH|SWIPE|Universal|Music|Pte|Ltd|Pop,4487752,92277,4647
81,tLN6wbbOp08,LANGSUNG Sidang media Perdana Menteri Ke10  24 November 2022,2022-11-24,UC5dYmq91e5_g54krpO06NJw,Astro AWANI,News & Politics,22.30.11,Astro AWANI|AWANI|AWANINews|Malaysia Memilih|PRU15|bubar parlimen|PM ke10|Kerajaan Perpaduan|PM10,1007241,8842,493
82,2LOL8G1yO6k,MINECRAFT ON 1000 PING ZOMBIE LOVE CURSE  Monster School Minecraft Animation shorts,2022-11-09,UC3VBuU-Ywv1qJGXLk05R-Dg,Monster School,Film & Animation,22.30.11,школа монстров|монстр школа|майнкрафт анимация|школа мобов|monster school|minecraft animation|школа майнкрафт|майнкрафт школа монстров|школа монстров в майнкрафте|minecraft challenge|monster school minecraft|minecraft school|monster school animation|monster school funny,23038829,733577,463
83,wCMe6xFhzx8,Video penuh Ucapan Mat Sabu di Jelajah Mega PH Kelantan,2022-11-11,UC9ULnkwvyofZ_sWrzRpyvrg,KiniTV,News & Politics,22.30.11,kinitv|malaysia|politics,563717,6126,1437
84,NP--_N-tCU8,ADU INTUISI YUDIST VS BANDIT,2022-11-14,UCvc00uetYIML9D-7BBrEXLA,Yudist Ardhana,Entertainment,22.30.11,Yudist Ardhana|yudist|yudistardhana|shorts|yudist shorts|youtube shorts|yudist intuisi|yudist adu intuisi|adu intuisi,5464388,164377,103
85,aVbnvJxXWeQ,ANAK TIKUS DAN ANAK KUCING SALING BERTEMANDennys Lianto shorts cerita alurcerita animasi,2022-11-09,UCHENixhgvKtYAUUB3IZeqUg,Dennys Lianto,People & Blogs,22.30.11,none,5896724,0,307
86,kX3nB4PpJko,Last To Take Hand Off Jet Keeps It,2022-11-12,UCX6OQ3DkcsbYNE6H8uQQuVA,MrBeast,Entertainment,22.30.11,none,62264042,2694311,94054
87,yUjn3Aynq6Q,女孩出事 竟然惊动黑白两道大人物 OhoOu ThePenaltyZone shorts,2022-11-08,UCK73Yh0cVnfyDf9Y63YeBPQ,CCTV热播剧场,Entertainment,22.30.11,黑白禁区|扫黑风暴|黑白禁区整片|直播|黑白禁区直播|黑白禁区完整版|黑白禁区 全集|欧豪|刘晓洁|徐洪浩|李乃文|傅程鹏|杜源|电视剧 黑白禁区|卧底|警察|国产剧|缉毒|毒品|毒枭|破冰行动|惊心动魄|正义|邪恶|失忆|灰色地带|小说|刑侦|剧情|最新电视剧|电视剧直播|2021电视剧|热播电视剧,1022073,47081,79
88,gh640AGs_6Q,一天一個小技巧套路俄羅斯老婆到最後我也沒招了西蒙和安娜,2022-11-19,UCKb6P7bJkn4RkC8OUCM-idA,西蒙和安娜  中俄夫婦,People & Blogs,22.30.11,中俄夫婦|跨國戀|中俄家庭|夫妻日常|情侶vlog|洋媳婦在中國|老外|歪果仁|搞笑,629806,31960,833
89,8BIXv2efUPg,切记女生的东西不要乱碰否则    办公室 搞笑 原创搞笑,2022-11-09,UCP8lSg4Z8IzZv_CuqADbM8Q,家有铁蛋Plus	,People & Blogs,22.30.11,鑫鑫呀|沙雕整蛊|爆笑系列|解压|快乐|抖音爆笑視頻|沙雕整蠱|快樂|搞笑短視頻,965787,58108,92
90,YlvcFJOE-OE,Giving iPhones Instead Of Candy on Halloween,2022-11-02,UCX6OQ3DkcsbYNE6H8uQQuVA,MrBeast,Entertainment,22.30.11,none,149102514,7782062,41277
91,rb0bjyt1OD0,Tukoh Taka  Official FIFA Fan Festival Anthem  Nicki Minaj Maluma  Myriam Fares FIFA Sound,2022-11-18,UCpcTrCXblq78GZrTUTLWeBw,FIFA,Sports,22.30.11,Nicki Minaj|Nicki|Minaj|Maluma|Myriam Fares|Myriam|Fares|Music|FIFA World Cup|Music Video|World Cup Song|World Cup Music|World Cup Music Video|musica|world cup|world cup theme tune|world cup theme song|world cup song|qatar world cup theme song|Football|FIFA|official|Soccer|Futbol|Futebol|Fußball|Fussball|Calcio|Voetbal|كرة فوتبول|गल|वरलड कप|सकलस|फटबल|Gol|Piala Dunia|Mendribel Bola|Keterampilan|ไดประต|ชงแชมปโลก|ฟตบอล|ทกษะ|officialsoundtrack|soundtrack,44801289,771499,100330
92,6p4SeR3pliM,Nike FC Presents the Footballverse,2022-11-16,UCNhxq7He5p-_FdBh0OaxcQg,Nike Football,Sports,22.30.11,Nike|Nike commercial|Footballverse|Nike FC|Cristiano Ronaldo|Kylian Mbappe|Ronaldinho|R10|Ronaldo|R9|Alex Morgan|Virgil van Dijk|Kevin De Bruyne|Leah Williamson|Phil Foden|Carli Lloyd|Edgar Davids|Sam Kerr|Shane Kluivert|CR Jr,6623130,222462,7437
93,lk-vwkN4kVg,Zahid Decision on coalition to form new government to be made after negotiations with other parties,2022-11-21,UCpWvshQVx1d7BqCsPnVuNIw,The Star,News & Politics,22.30.11,news|the star tv|the star|malaysia|politics|ge15|election|barisan|pakatan|zahid|anwar|government,382492,1996,784
94,XuS4usTYvns,EPISOD 06  Ninja Media Sosial  Siri Animasi Mechamato,2022-11-11,UCfqDvjXc2jbAzaeqlIggkkg,Monsta,Film & Animation,22.30.11,Monsta Studio|Malay|boboiboy|video|movie|announcement|bapak|bapacc|mak|grakakus|anniversary|13th|mendunia|cartoonnetwork|netflix|GSC|tv3|tv9|vidio|animationdub|mechanizing2022|amato|tokaba|mechabot|pian|deep|mara|ayahboboiboy|makboboiboy|APEX|SEA|bbbm3|filem|filemmelayu|moviebaru|animasi|aniMY|newglobalhero|koncho|cinema|family|kids movie|children show|december|upcoming|akan datang|siri animasi|TGV|astro|astrogempak|astroshaw|mechamato ep 6,831883,17710,0
95,8m6cyCOdIXM,LIVE GEGAR VAGANZA 9 LIVE   MINGGU AKHIR,2022-11-27,UCfztuMBrL9F-KqLZk_SY9TA,Astro Gempak,Entertainment,22.30.11,Astro Gempak,663505,2511,312
96,Llv7PAdeyxw,猛女夹子音甜妹猛男音搞笑段子女生宿舍,2022-11-14,UC9aqG4hxB3GIXW6WXu5CsjA,小马只有一米九,People & Blogs,22.30.11,抖音|抖音小马只有一米九|闹挺的小马|闹挺|搞笑|社恐|社交牛逼症|社死|猛女|女汉子|东北|抖音最热短剧|抖音网红|搞笑段子|正能量|闺蜜,886242,61633,192
97,U4p_baZbipA,EPISOD 05  Jangan Cari Pasal Dengan Janitoor  Siri Animasi Mechamato,2022-11-04,UCfqDvjXc2jbAzaeqlIggkkg,Monsta,Film & Animation,22.30.11,Monsta Studio|Malay|boboiboy|video|movie|announcement|bapak|bapacc|mak|grakakus|anniversary|13th|mendunia|cartoonnetwork|netflix|GSC|tv3|tv9|vidio|animationdub|mechanizing2022|amato|tokaba|mechabot|pian|deep|mara|ayahboboiboy|makboboiboy|APEX|SEA|bbbm3|filem|filemmelayu|moviebaru|animasi|aniMY|newglobalhero|koncho|cinema|family|kids movie|children show|december|upcoming|akan datang|siri animasi|TGV|astro|astrogempak|astroshaw,1210158,22870,0
98,kQYoS18YVZQ,Floor 88 x Namie  Kong Kali Kong Official Music Video,2022-10-28,UC8f4o4-Sw2KitQR8MkIkSiw,Rusa Music,Music,22.30.11,rusa|rusa music|rusa marketing|rusamusic|malaysia|malay|melayu|music|muzik|lagu,2213824,35537,1519
99,ZKuhqxTi5Xk,Sometimes the trick IS the treat  halloween shorts,2022-10-31,UCAMPco9PqjBbI_MLsDOO4Jw,American Idol,Entertainment,22.30.11,American Idol|singing competition|Katy Perry|Ryan Seacrest|Luke Bryan|Lionel Richie|covers|sing|ABC|American Idol 2022|auditions|prank|caroline bryan|halloween,17033983,1701064,1495
100,CUQA9xaZde0,DRAMA SPONTAN 20  Episode 3,2022-11-10,UCqWKZzi070JAbB6Adlvn5Qg,Syahmi Sazli,Entertainment,22.30.11,none,353598,12723,1096
101,rE_WtPOJ05s,part 2 TISUE MAG,2022-11-11,UCkqCkyRoXgUxtECdYbQv2cg,Soibahdee Channel,Comedy,22.30.11,none,3860302,172462,559
102,G8og3o5xNjM,BNPH Bertemu Ambil Kira Pandangan Ahli Parlimen BN Pesan Najib MGFlash,2022-11-21,UC-zwAo_0PsviX7-H71mbHYg,MalaysiaGazette TV,News & Politics,22.30.11,malaysiagazette|mgtv|MGNews|MGFlash|MG TV,366602,2826,1369
103,NrURZnqsGtY,Habis hancur kereta Qistina Khaled kena langgar lori Reedzwann cuba tenangkan keadaan,2022-11-02,UCquIzvgQ4PxPDZqFXhuT_gw,MVM MUSIC,Music,22.30.11,mvm|production|music|valley|muzik|lagu|malaysia|malay|melayu,1229440,39342,687
71,2LOL8G1yO6k,minecraft on 1000 ping zombie love curse  monster school minecraft animation shorts,2022-11-09,UC3VBuU-Ywv1qJGXLk05R-Dg,monster school,Film & Animation,22.29.11,школа монстровмонстр школамайнкрафт анимацияшкола мобовmonster schoolminecraft animationшкола майнкрафтмайнкрафт школа монстровшкола монстров в майнкрафтеminecraft challengemonster school minecraftminecraft schoolmonster school animationmonster school funny,22556454,721371,457
80,XuS4usTYvns,episod 06  ninja media sosial  siri animasi mechamato,2022-11-11,UCfqDvjXc2jbAzaeqlIggkkg,monsta,Film & Animation,22.29.11,monsta studiomalayboboiboyvideomovieannouncementbapakbapaccmakgrakakusanniversary13thmenduniacartoonnetworknetflixgsctv3tv9vidioanimationdubmechanizing2022amatotokabamechabotpiandeepmaraayahboboiboymakboboiboyapexseabbbm3filemfilemmelayumoviebaruanimasianimynewglobalherokonchocinemafamilykids moviechildren showdecemberupcomingakan datangsiri animasitgvastroastrogempakastroshawmechamato ep 6,819971,17551,0
104,LIixVuVfXO8,蔡徐坤质疑新游戏规则杨颖周深被李晨吓出表情包 谁才是兄弟团最有飞行天赋的人 奔跑吧共富篇 EP1 FULL 20221104,2022-11-04,UCfj8FsoiPFHn1gZMJaeLEDg,浙江卫视奔跑吧官方频道欢迎订阅,Entertainment,22.30.11,奔跑吧|奔跑吧10|奔跑吧共同富裕|奔跑吧兄弟10|奔跑吧2022|奔跑吧2021|蔡徐坤|周深|Angelababy|郑恺|李晨|沙溢|沙溢蔡徐坤|keeprunning10|跑男10|paonan10|benpaoba10|奔跑吧第六季|running man10|奔跑吧兄弟第十季|奔跑吧10周深|benpaoba|奔跑吧特别季|奔跑吧路透|奔跑吧兄弟|白鹿|魏大勋|陈卓璇|张佳宁|奔跑吧黄河|路透|奔跑吧周深|奔跑吧蔡徐坤|奔跑吧angelababy|奔跑吧沙溢|奔跑吧白鹿|奔跑吧李晨|奔跑吧郑恺|奔跑吧黄河路透|奔跑吧特别季路透|奔跑吧开播|奔跑吧即将开播|奔跑吧预告|林一|王嘉尔|黄旭熙|Lucas|superm|威神v|nct|yuqi|GIDLE|gidle|got7|孙怡|李沁|郭麒麟|宋祖儿|关晓彤鹿晗|迪丽热巴|迪丽热巴鹿晗|姚译添|姚译添宋祖儿|王嘉尔宋雨琦|蔡徐坤白鹿|邓紫棋|奔跑吧共富|共富|屈楚萧|周深光亮|天赐|天赐的声音|特别季|specialseason|沈月|陈哲远|乔欣|张彬彬|张予曦|武林外传|嗨放派|任嘉伦|我们的歌|杨颖|kun,1602544,16601,1134
105,cXGh7q3q0qk,你见过链珠喷泉吗将链珠开头向下一拉竟然就起飞咯科学实验 阿基米吴 这不科学啊,2022-11-06,UCBVcnlsHQxeMMmdrVguWPHQ,MIWU TV,Howto & Style,22.30.11,none,2063379,64066,322
106,9PNpRQYMhas,BUSTING 1000 MYTHS IN 24 HOURS,2022-11-10,UCbp9MyKCTEww4CxEzc_Tp0Q,Stokes Twins,People & Blogs,22.30.11,myths|mythbusters|busting myths|busting 1000 myths|movie myths|busting 100 myths|busting 200 myths|science|Stokes Twins|Ben Azelart|Lexi Rivera|Brent Rivera|Jeremy Hutchins|lexi hensler|pierson|andrew davila|dom brack|sofie dossi|kat hixson|Amp World|amp|David Dobrik|Morgz|MrBeast|logan paul|James Charles|Faze Rug|Alex Warren|Lizzy Capri|Carter Sharer|Preston|unspeakable|airrack|Ryan trahan|preston|Jordan matter|dhar man|sidemen|sam and colby,13005993,394164,30135
107,kIEWJ1ljEro,Joji  Die For You,2022-11-04,UCFl7yKfcRcFmIUbKeCA-SJQ,Joji,Music,22.30.11,joji|joji die for you|joji smithereens|glimpse of us|nectar|in tongues|BALLADS 1|chloe burbank|die for you|joji music video|joji official video|joji live|joji tour|head in the clouds|88rising|blahblahblah demo|1am freestyle|joji night rider|joji dissolve|before the day is over|feeling like the end,18097759,646072,16429
108,_qInmcwIymk,Raden membagikan Hasil Tantangan kepada Rakyat shorts,2022-10-26,UCuJkI-_EJo7PH4bregeHXVA,MNCTV Shorts,Entertainment,22.30.11,mnctv|mnctv official|mnctv shorts,17982045,561863,602
109,Dbs3l_ZJR6o,TREASURE  VolKno MV,2022-11-09,UCx9hXYOCvUYwrprEqe4ZQHA,TREASURE 트레저,Entertainment,22.30.11,YG Entertainment|YG|와이지|Kpop|트레져|트레저|TREASURE|CHOI HYUN SUK|JIHOON|YOSHI|JUNKYU|MASHIHO|YOON JAE HYUK|ASAHI|BANG YE DAM|DOYOUNG|HARUTO|PARK JEONG WOO|SO JUNG HWAN|최현석|지훈|요시|준규|마시호|윤재혁|아사히|방예담|도영|하루토|박정우|소정환|TREASURE THE SECOND STEP|THE SECOND STEP|TREASURE 직진|TREASURE JIKJIN|JIKJIN|직진|트레저 직진,18782072,477901,34672
110,H8nERjGhpPk,黃明志的中東情歌卡達世界盃2022主題曲Ya GamilaFt Yasin Sulaiman 高清無碼 2022 HD  Uncensored,2022-11-04,UCFUtqTcgJgRnmZ3tMU6P74Q,Namewee,Entertainment,22.30.11,Namewee|黃明志|World Cup|Qatar|2022|كأس العالم|Theme Song|Doha|Football|Soccer|Assalamualaikum Ya Gamila|Ya Gamila|Ya Jamila|Fifa|卡達|世界杯|足球|Arab Song|Arabic Song|世界盃|卡塔尔|卡塔尔世界杯|世界杯主題曲,4008573,47354,3179
111,I0LpHLJGBoc,The perfect dotted circle ,2022-11-03,UCoGForHQAmk0_9rI9CABeYw,Woody  Kleiny,Entertainment,22.30.11,none,103774680,5366322,5610
112,q_wlOxoFyOE,keset mana,2022-11-16,UC7NjHQFW-iD0nZy2javtbsA,WILSON SINAI,Comedy,22.30.11,Wilson Sinai|kocak|lucu|humor|dagelan|wilsonsinai|wilson|vidgram,4534956,72916,96
113,6MbWW_2sFPI,Insomniacks  Igauan Malam Official Lyric Video,2022-11-04,UC-2a-EcwmRUaAOVRR8jM2zQ,InsomniacksMYVEVO,Music,22.30.11,Insomniacks|Igauan|Malam|Lyric|Video|Universal|Music|Ltd|Malaysia|branch|Pop,391926,11086,320
114,ixllGOX0Evw,GOD OF WAR RAGNAROK Gameplay Walkthrough FULL GAME PS5 4K 60FPS No Commentary,2022-11-08,UCj4lFy4F5PqXD7d41mCKVYw,GameClips,Gaming,22.30.11,God Of War Ragnarok|God Of War Ragnarok Gameplay|God Of War Ragnarok Walkthrough|God Of War Ragnarok Walkthrough Part 1|God Of War Ragnarok Full Game|God Of War Ragnarok PS5|God Of War Ragnarok No Commentary|God Of War Ragnarok PS5 Gameplay|Kratos|PS5|PS5 Gameplay|4K|4K Gameplay|No Commentary|No|Commentary|Gameplay|Walkthrough|Playstation 5|Xbox Series X|PC|Full|Game,5970775,95431,5614
115,PyvXZ7o8Xv0,When Cristiano Ronaldo and Portugal did the Mannequin Challenge ,2022-10-26,UC6c1z7bA__85CIWZ_jpCK-Q,ESPN FC,Sports,22.30.11,espn fc|soccer on espn|espn soccer|ESPNFC|ESPNFC|ESPN FC|espn fc tv|soccer|futbol|When Cristiano Ronaldo and Portugal did the Mannequin Challenge |cristiano ronaldo|ronaldo|cristiano ronaldo world cup|cristiano ronaldo flex|ronaldo flex|ronaldo portugal|world cup 2022|shorts|shortsvideo|espn fc shorts|espnfc shorts|manchester united,38299531,2083310,5594
116,WOakSm34QHk,NGINTIP FROST DIAMOND PACARAN PAKAI DRONE TERNYATA MOJOK DI DEKAT RUMAH KOSONG DIA MALAH,2022-11-08,UC4hGmH5sABOA70D4fGb8qNQ,Frost Diamond,Entertainment,22.30.11,Frost|Diamond|Tutorial|Minecraft|Cewek|Pacaran,2530303,44451,1105
117,lM1P2JwZ5jE,Total surprise  Share yours with  TSAntiHeroChallenge brought to you by YouTube Shorts,2022-11-01,UCqECaJ8Gagnn7YCbPEzWH6g,Taylor Swift,Music,22.30.11,none,73899421,3181600,20591
118,tNaIbwvL1Ko,Minecraft but Rainbow Friends Beat the Game for you,2022-11-10,UCKGNVB2moP-zeAWPmw8HvAA,Craftee,Gaming,22.30.11,minecraft|minecraft but|new minecraft|craftee|craft|crafter|crafty|crafting|crafting recipe|crafting in minecraft|minecraft update|survival|how to survive|caves and cliffs|caves and cliffs update|new minecraft channel|diamonds|ender dragon|fastest diamonds|custom|diamond|emeralds|minecraft survival|minecraft challenge|minecraft secret|minecraft mod|minecraft rainbow friends|minecraft rainbow friends mod|minecraft but rainbow friends,4723846,66153,1829
119,x8IqYK9lf_M,Semua pimpinan Umno termasuk saya kena letak jawatan bukan Zahid saja,2022-11-20,UC9ULnkwvyofZ_sWrzRpyvrg,KiniTV,News & Politics,22.30.11,kinitv|malaysia|politics,417496,2301,1162
35,jmww_DEbzVs,bahagian 2 bermula disember iniejen ali musim 3 bahagian 2  official teaser,2022-11-25,UC42ZduLx6o3Nqg04kMuMCEw,ejenali,Film & Animation,22.29.11,ejenalianimationmyboboiboyupin ipinwauwauanimationpwsprimeworksejenanimasikartunlescopaquemonstaanimonstaalibakarcomot,196527,8270,922
37,-YrOEmbwe_s,yonimoshorts shorts,2022-10-28,UCmrfD0X_7eRDoHqOKakbREQ,elephant movie,Film & Animation,22.29.11,filmmoviefilmsshortselephant moviewatch elephant movieelephant movie youtubeshort filmsenglish moviemoviesfree short filmbest scenesmovie clipsbest momentsscience fictionfree scifi shortsci fi shortsscifiactionbest action moviesaction movieaction moviesfeatureyonimofantasy,12409420,1035210,1136
86,U4p_baZbipA,episod 05  jangan cari pasal dengan janitoor  siri animasi mechamato,2022-11-04,UCfqDvjXc2jbAzaeqlIggkkg,monsta,Film & Animation,22.29.11,monsta studiomalayboboiboyvideomovieannouncementbapakbapaccmakgrakakusanniversary13thmenduniacartoonnetworknetflixgsctv3tv9vidioanimationdubmechanizing2022amatotokabamechabotpiandeepmaraayahboboiboymakboboiboyapexseabbbm3filemfilemmelayumoviebaruanimasianimynewglobalherokonchocinemafamilykids moviechildren showdecemberupcomingakan datangsiri animasitgvastroastrogempakastroshaw,1196357,22701,0
5,Jm29kLeWqDA,jung kook from bts performs dreamers at fifa world cup opening ceremony,2022-11-20,UCpcTrCXblq78GZrTUTLWeBw,fifa,Music,22.29.11,jung cookbtskpopkpopfifa world cupfifa world cup opening ceremonyqatar opening ceremonydreamersjung cook dreamersjung cook at world cup opening ceremonyjung cook performs dreamersfahad al kubaisifahad al kubaisi dreamers,31765355,1661068,69558
7,jEdfjuG0Fx4,정국 jung kook dreamers  fifa world cup qatar 2022 opening ceremony,2022-11-21,UCLkAepWjdylmXSltofFvsYQ,bangtantv,Music,22.29.11,방탄소년단btsbangtan알엠rm슈가suga제이홉jhope지민정국kpop방탄jhopejung kookjiminbts vjin,42770760,2585617,98715
9,Ut1OzEVUiM4,red velvet 레드벨벳 birthday mv,2022-11-28,UCEf_Bc-KVd7onSeifS3py9g,smtown,Music,22.29.11,레드벨벳벌쓰데이벌스데이생일아이린슬기예리웬디조이뮤직비디오뮤비red velvetbirthdayireneseulgiyeriwendyjoypartymusic videomvthe reve festival리브 페스티벌,5172671,571842,27738
31,1iWTl8DM7Rg,maher zain  humood  tahayya  world cup 2022  ماهر زين و حمود الخضر  تهيا,2022-11-23,UCBq5hp6DvwWam2XOXw6lYJA,awakening music,Music,22.29.11,world cup songworld cup song 2022maher zainmaher zain songshumoodماهر زينqatar world cup songاغنية كاس العالم 2022world cup musicحمود الخضرmaher zain world cuphumood world cupmaher zain newتهياtahayyaماهر زين وحمود الخضرهيا هيا كاس العالمتهيأ حمود الخضرهيا هياhayya hayyaحمود الخضر وماهر زين2022 fifa world cupfifa 2022 songاغاني كاس العالم قطر 2022tahayya maher zainحمود الخضر كاس العالماغانيfifa world cup 2022 song,12570980,281433,16599
45,zuVV9Y55gvc,ranjithame  varisu lyric song tamil  thalapathy vijay  rashmika  vamshi paidipally  thaman s,2022-11-05,UCq-Fj5jknLsUf-MWSy4_brA,tseries,Music,22.29.11,hindi songs 2022hindi songs newbollywood songs 2022bollywood movies 2022tseriestseries songshindi songsbollywood romantic songsromantic hindi songsbollywood dance songsranjithame lyricalvarisuthalapathy vijay singingthalapathy vijay songthalapathy vijay dance numberthalapathy vijay ranjithamethalapathy vijay varisuthalapathy vijayvivekthaman svarisu lyric song tamilranjithame lyric songranjithame video songranjithametamil song,74022679,2011707,90720
104,lM1P2JwZ5jE,total surprise  share yours with  tsantiherochallenge brought to you by youtube shorts,2022-11-01,UCqECaJ8Gagnn7YCbPEzWH6g,taylor swift,Music,22.29.11,none,73869556,3178835,20598
112,JA7DYU5OXfM,japanese alphabet song is way too good bro shorts,2022-10-28,UCnTB8uNxND40iwvPiyzpnWw,heiakim,Music,22.29.11,heiakimharrycitradiharry citradiheiakim music,12188980,1167313,13989
2,IwzkfMmNMpM,정국 jung kook of bts featuring fahad al kubaisi  dreamers  fifa world cup 2022 soundtrack,2022-11-22,UCpcTrCXblq78GZrTUTLWeBw,fifa,Sports,22.29.11,kpopjung cookdreamersdreamers kpopdreamer btsjung cook world cupjung cook fifa songjung cook world cup songworld cup song,38919619,3306720,168917
11,pqNFeoV8RlY,bruno fernandes cross flies past cristiano ronaldos head and into the net vs uruguay,2022-11-28,UCpcTrCXblq78GZrTUTLWeBw,fifa,Sports,22.29.11,none,1320977,58717,1405
12,xktdFsBcUQY,neymar made that look too easy,2022-11-17,UC6c1z7bA__85CIWZ_jpCK-Q,espn fc,Sports,22.29.11,espn fcsoccer on espnespn soccerespnfcespnfcespn fcespn fc tvsoccerfutbolneymar made that look too easy neymarneymar jrespn fc shortsespnfc shortsshortsshortsvideoworld cupworld cup 2022,20310268,994799,3058
17,wHKsNi1uEK0,brazil 1  0 switzerland  world cup 2022 highlights  group g  sebolasuara,2022-11-28,UC3nsS1zgb4Jye9kmA45K6Yg,stadium astro,Sports,22.29.11,stadium astrosportsastro,707186,9001,350
19,10ov86esl28,south korea 2  3 ghana  world cup 2022 highlights  group h  sebolasuara,2022-11-28,UC3nsS1zgb4Jye9kmA45K6Yg,stadium astro,Sports,22.29.11,stadium astrosportsastro,579386,6226,589
100,PyvXZ7o8Xv0,when cristiano ronaldo and portugal did the mannequin challenge,2022-10-26,UC6c1z7bA__85CIWZ_jpCK-Q,espn fc,Sports,22.29.11,espn fcsoccer on espnespn soccerespnfcespnfcespn fcespn fc tvsoccerfutbolwhen cristiano ronaldo and portugal did the mannequin challenge cristiano ronaldoronaldocristiano ronaldo world cupcristiano ronaldo flexronaldo flexronaldo portugalworld cup 2022shortsshortsvideoespn fc shortsespnfc shortsmanchester united,35371242,1953748,5312
67,LUzI9Jk929A,if people rode dinosaurs instead of walked,2022-10-25,UCb8vrqP8Z7Oz9ZTYvUtjUHQ,daniel labelle,Comedy,22.29.11,none,117465233,5182046,10249
28,PMT3UhzDxH4,白鹿周深的生日惊喜变惊吓蔡徐坤 的蔡式速记法有多绝周深姚译添的mbti首次揭露 陈卓璇符龙飞新歌舞台首发奔跑吧共富篇 keeprunning ep3 full 20221118,2022-11-18,UCfj8FsoiPFHn1gZMJaeLEDg,浙江卫视奔跑吧官方频道欢迎订阅,Entertainment,22.29.11,奔跑吧奔跑吧共同富裕奔跑吧10奔跑吧10ep1奔跑吧兄弟10奔跑吧2022奔跑吧2021蔡徐坤周深angelababy郑恺李晨沙溢沙溢蔡徐坤keeprunning10跑男10paonan10benpaoba10奔跑吧第六季running man10奔跑吧兄弟第十季奔跑吧10周深benpaoba奔跑吧特别季奔跑吧路透奔跑吧兄弟白鹿魏大勋陈卓璇张佳宁奔跑吧黄河路透奔跑吧周深奔跑吧蔡徐坤奔跑吧angelababy奔跑吧沙溢奔跑吧白鹿奔跑吧李晨奔跑吧郑恺奔跑吧黄河路透奔跑吧特别季路透奔跑吧开播奔跑吧即将开播奔跑吧预告林一王嘉尔黄旭熙lucassuperm威神vnctyuqigidlegidlegot7孙怡李沁郭麒麟宋祖儿关晓彤鹿晗迪丽热巴迪丽热巴鹿晗姚译添姚译添宋祖儿王嘉尔宋雨琦蔡徐坤白鹿邓紫棋符龙飞音乐舞台生日music檀健次共富陈飞宇阿瑟朱韵罗云熙硬糖少女hi6希林希林娜依高最美中轴线白鹿生日周深生日mbti,922955,8427,487
42,FD-0KG-h2-c,gordon ramsay tries most expensive chocolate bar,2022-11-19,UCX6OQ3DkcsbYNE6H8uQQuVA,mrbeast,Entertainment,22.29.11,none,34846802,2921090,10088
46,3xReIHV13IQ,she really did it her way,2022-11-14,UCSWwb_YyNB8vuC1VDcfPPaQ,talent recap,Entertainment,22.29.11,agt 2022agtagt videosagt auditionsamericas got talentbgtbgt videosbgt auditionsbritains got talentsimon cowellgot talentgolden buzzertop actsbest auditionsangelica haledarci lynneindiaphilippines,25722922,1710117,3787
54,39B8qBta-zk,rolling pigs from the kayak,2022-11-10,UCI7bNyuDVBUnacJb85WlUSg,hunting with stu,Entertainment,22.29.11,none,12183172,134051,600
55,aNlk-aujf3o,live gegar vaganza 9 live   minggu separuh akhir,2022-11-20,UCfztuMBrL9F-KqLZk_SY9TA,astro gempak,Entertainment,22.29.11,astro gempak,488708,1811,207
56,HSX8Lts4enc,bocil kembar selalu dirawat sama nenek gemoy  kaleb andri shorts alurfilm storytelling,2022-11-14,UCskgi2HFEUjB0mXU_IBXOrg,kaleb andri,Entertainment,22.29.11,none,4347684,360152,6147
57,Qyf4sJKayBc,magician  food,2022-11-11,UC3IjgjgWtpLTCrR0shGXKVg,seandoesmagic,Entertainment,22.29.11,none,47504027,1469924,7337
59,kYoJ9J9kPSA,genius level escape method l tiktok creative humor video lfunny video long momshorts,2022-10-29,UCobCsXaWsPawN22tXWH0cbw,guige,Entertainment,22.29.11,tiktokcreativecreative craft创意funny搞笑amazingskillstalenttalent peopleviral videostiktoksplot twistshumor幽默familymom and sondetective momdetective mom vs genius sonpranks fat daughter20212022newvideostik toktry not to laugh challengefunniest momentscomedy videospani videomust watch new year funny videocompilationescapeescape momangry mom,158622186,4129825,3340
68,hbgxLp4oRfE,cool hair prank  shorts,2022-11-10,UCeYTfGpNCmVhlxjQxBDrGPA,mr degree,Entertainment,22.29.11,funnyhairprankpranksschoolmarianamr degreeshortsgirlcoolbesttricktricks,51056948,1861545,2663
69,08m8FwQNXec,兄弟团自费秋游团建 谁将是最后的胜利者秋天的微风与稻田就是绝配快来和奔奔一起乘坐浪漫热气球 奔跑吧共富篇 keeprunning ep2 full 20221111,2022-11-11,UCfj8FsoiPFHn1gZMJaeLEDg,浙江卫视奔跑吧官方频道欢迎订阅,Entertainment,22.29.11,奔跑吧奔跑吧共同富裕奔跑吧10奔跑吧10ep1奔跑吧兄弟10奔跑吧2022奔跑吧2021蔡徐坤周深angelababy郑恺李晨沙溢沙溢蔡徐坤keeprunning10跑男10paonan10benpaoba10奔跑吧第六季running man10奔跑吧兄弟第十季奔跑吧10周深benpaoba奔跑吧特别季奔跑吧路透奔跑吧兄弟白鹿魏大勋陈卓璇张佳宁奔跑吧黄河路透奔跑吧周深奔跑吧蔡徐坤奔跑吧angelababy奔跑吧沙溢奔跑吧白鹿奔跑吧李晨奔跑吧郑恺奔跑吧黄河路透奔跑吧特别季路透奔跑吧开播奔跑吧即将开播奔跑吧预告林一王嘉尔黄旭熙lucassuperm威神vnctyuqigidlegidlegot7孙怡李沁郭麒麟宋祖儿关晓彤鹿晗迪丽热巴迪丽热巴鹿晗姚译添姚译添宋祖儿王嘉尔宋雨琦蔡徐坤白鹿邓紫棋孙怡 董子健董子健 孙怡孙怡 董子健 知乎mangotv 再见爱人再见爱人2 花絮再见爱人 第二季再见爱人,1022228,9791,637
72,kX3nB4PpJko,last to take hand off jet keeps it,2022-11-12,UCX6OQ3DkcsbYNE6H8uQQuVA,mrbeast,Entertainment,22.29.11,none,61774178,2679246,93267
73,yUjn3Aynq6Q,女孩出事 竟然惊动黑白两道大人物 ohoou thepenaltyzone shorts,2022-11-08,UCK73Yh0cVnfyDf9Y63YeBPQ,cctv热播剧场,Entertainment,22.29.11,黑白禁区扫黑风暴黑白禁区整片直播黑白禁区直播黑白禁区完整版黑白禁区 全集欧豪刘晓洁徐洪浩李乃文傅程鹏杜源电视剧 黑白禁区卧底警察国产剧缉毒毒品毒枭破冰行动惊心动魄正义邪恶失忆灰色地带小说刑侦剧情最新电视剧电视剧直播2021电视剧热播电视剧,1010856,46580,79
76,YlvcFJOE-OE,giving iphones instead of candy on halloween,2022-11-02,UCX6OQ3DkcsbYNE6H8uQQuVA,mrbeast,Entertainment,22.29.11,none,139668683,7194972,39731
91,LIixVuVfXO8,蔡徐坤质疑新游戏规则杨颖周深被李晨吓出表情包 谁才是兄弟团最有飞行天赋的人 奔跑吧共富篇 ep1 full 20221104,2022-11-04,UCfj8FsoiPFHn1gZMJaeLEDg,浙江卫视奔跑吧官方频道欢迎订阅,Entertainment,22.29.11,奔跑吧奔跑吧10奔跑吧共同富裕奔跑吧兄弟10奔跑吧2022奔跑吧2021蔡徐坤周深angelababy郑恺李晨沙溢沙溢蔡徐坤keeprunning10跑男10paonan10benpaoba10奔跑吧第六季running man10奔跑吧兄弟第十季奔跑吧10周深benpaoba奔跑吧特别季奔跑吧路透奔跑吧兄弟白鹿魏大勋陈卓璇张佳宁奔跑吧黄河路透奔跑吧周深奔跑吧蔡徐坤奔跑吧angelababy奔跑吧沙溢奔跑吧白鹿奔跑吧李晨奔跑吧郑恺奔跑吧黄河路透奔跑吧特别季路透奔跑吧开播奔跑吧即将开播奔跑吧预告林一王嘉尔黄旭熙lucassuperm威神vnctyuqigidlegidlegot7孙怡李沁郭麒麟宋祖儿关晓彤鹿晗迪丽热巴迪丽热巴鹿晗姚译添姚译添宋祖儿王嘉尔宋雨琦蔡徐坤白鹿邓紫棋奔跑吧共富共富屈楚萧周深光亮天赐天赐的声音特别季specialseason沈月陈哲远乔欣张彬彬张予曦武林外传嗨放派任嘉伦我们的歌杨颖kun,1593193,16557,1131
94,_qInmcwIymk,raden membagikan hasil tantangan kepada rakyat shorts,2022-10-26,UCuJkI-_EJo7PH4bregeHXVA,mnctv shorts,Entertainment,22.29.11,mnctvmnctv officialmnctv shorts,17849174,558091,599
95,Dbs3l_ZJR6o,treasure  volkno mv,2022-11-09,UCx9hXYOCvUYwrprEqe4ZQHA,treasure 트레저,Entertainment,22.29.11,yg entertainmentyg와이지kpop트레져트레저treasurechoi hyun sukjihoonyoshijunkyumashihoyoon jae hyukasahibang ye damdoyoungharutopark jeong wooso jung hwan최현석지훈요시준규마시호윤재혁아사히방예담도영하루토박정우소정환treasure the second stepthe second steptreasure 직진treasure jikjinjikjin직진트레저 직진,18745863,476663,34590
97,H8nERjGhpPk,黃明志的中東情歌卡達世界盃2022主題曲ya gamilaft yasin sulaiman 高清無碼 2022 hd  uncensored,2022-11-04,UCFUtqTcgJgRnmZ3tMU6P74Q,namewee,Entertainment,22.29.11,namewee黃明志world cupqatar2022كأس العالمtheme songdohafootballsoccerassalamualaikum ya gamilaya gamilaya jamilafifa卡達世界杯足球arab songarabic song世界盃卡塔尔卡塔尔世界杯世界杯主題曲,3989208,46939,3160
